Study.area,Region.Label,Month,Area,Sample.Label,Effort,distance,OBS,MAS,HAS
Kana,792,0,0,1,1,40,TJS,50,1
Kana,792,0,0,1,1,60,TJS,50,1
Kana,792,0,0,1,1,45,TJS,50,1
Kana,792,0,0,1,1,100,TJS,50,1
Kana,792,0,0,1,1,125,TJS,50,1
Kana,792,0,0,1,1,120,TJS,50,1
Kana,792,0,0,1,1,140,TJS,50,1
Kana,792,0,0,1,1,80,TJS,50,1
Kana,792,0,0,2,1,65,TJS,64,1
Kana,792,0,0,2,1,90,TJS,64,1
Kana,792,0,0,2,1,120,TJS,64,1
Kana,792,0,0,2,1,85,TJS,64,1
Kana,792,0,0,2,1,150,TJS,64,1
Kana,792,0,0,3,1,180,TJS,77,1
Kana,792,0,0,3,1,220,TJS,77,1
Kana,792,0,0,3,1,105,TJS,77,1
Kana,792,0,0,3,1,90,TJS,77,1
Kana,792,0,0,3,1,90,TJS,77,1
Kana,792,0,0,4,1,65,TJS,92,2
Kana,792,0,0,4,1,35,TJS,92,2
Kana,792,0,0,4,1,60,TJS,92,2
Kana,792,0,0,5,1,60,TJS,113,2
Kana,792,0,0,5,1,115,TJS,113,2
Kana,792,0,0,5,1,85,TJS,113,2
Kana,792,0,0,5,1,30,TJS,113,2
Kana,792,0,0,5,1,80,TJS,113,2
Kana,792,0,0,6,1,85,TJS,127,2
Kana,792,0,0,6,1,60,TJS,127,2
Kana,792,0,0,6,1,30,TJS,127,2
Kana,792,0,0,6,1,80,TJS,127,2
Kana,792,0,0,6,1,80,TJS,127,2
Kana,792,0,0,6,1,65,TJS,127,2
Kana,792,0,0,6,1,250,TJS,127,2
Kana,792,0,0,7,1,110,TJS,140,2
Kana,792,0,0,7,1,80,TJS,140,2
Kana,792,0,0,7,1,90,TJS,140,2
Kana,792,0,0,7,1,45,TJS,140,2
Kana,792,0,0,7,1,85,TJS,140,2
Kana,792,0,0,7,1,85,TJS,140,2
Kana,792,0,0,8,1,85,TJS,152,3
Kana,792,0,0,8,1,95,TJS,152,3
Kana,792,0,0,8,1,75,TJS,152,3
Kana,792,0,0,8,1,75,TJS,152,3
Kana,792,0,0,8,1,60,TJS,152,3
Kana,792,0,0,8,1,53,TJS,152,3
Kana,792,0,0,8,1,180,TJS,152,3
Kana,792,0,0,9,1,110,TJS,164,3
Kana,792,0,0,9,1,65,TJS,164,3
Kana,792,0,0,9,1,95,TJS,164,3
Kana,792,0,0,9,1,75,TJS,164,3
Kana,792,0,0,9,1,80,TJS,164,3
Kana,792,0,0,9,1,45,TJS,164,3
Kana,792,0,0,10,1,55,TJS,177,3
Kana,792,0,0,10,1,45,TJS,177,3
Kana,792,0,0,10,1,125,TJS,177,3
Kana,792,0,0,10,1,35,TJS,177,3
Kana,792,0,0,11,1,80,TJS,189,3
Kana,792,0,0,11,1,105,TJS,189,3
Kana,792,0,0,11,1,75,TJS,189,3
Kana,792,0,0,11,1,90,TJS,189,3
Kana,792,0,0,12,1,65,TJS,202,3
Kana,792,0,0,12,1,55,TJS,202,3
Kana,792,0,0,12,1,40,TJS,202,3
Kana,792,0,0,12,1,60,TJS,202,3
Kana,792,0,0,12,1,80,TJS,202,3
Kana,792,0,0,13,1,18,SGF,42,1
Kana,792,0,0,13,1,40,SGF,42,1
Kana,792,0,0,13,1,70,SGF,42,1
Kana,792,0,0,13,1,15,SGF,42,1
Kana,792,0,0,13,1,10,SGF,42,1
Kana,792,0,0,14,1,32,SGF,58,1
Kana,792,0,0,14,1,33,SGF,58,1
Kana,792,0,0,15,1,25,SGF,70,1
Kana,792,0,0,15,1,50,SGF,70,1
Kana,792,0,0,15,1,40,SGF,70,1
Kana,792,0,0,15,1,70,SGF,70,1
Kana,792,0,0,16,1,14,SGF,83,1
Kana,792,0,0,16,1,15,SGF,83,1
Kana,792,0,0,16,1,40,SGF,83,1
Kana,792,0,0,17,1,30,SGF,107,2
Kana,792,0,0,17,1,10,SGF,107,2
Kana,792,0,0,17,1,40,SGF,107,2
Kana,792,0,0,18,1,30,SGF,119,2
Kana,792,0,0,18,1,35,SGF,119,2
Kana,792,0,0,18,1,40,SGF,119,2
Kana,792,0,0,18,1,80,SGF,119,2
Kana,792,0,0,18,1,4,SGF,119,2
Kana,792,0,0,19,1,50,SGF,132,2
Kana,792,0,0,19,1,15,SGF,132,2
Kana,792,0,0,19,1,25,SGF,132,2
Kana,792,0,0,19,1,35,SGF,132,2
Kana,792,0,0,19,1,55,SGF,132,2
Kana,792,0,0,20,1,15,SGF,145,2
Kana,792,0,0,20,1,25,SGF,145,2
Kana,792,0,0,20,1,40,SGF,145,2
Kana,792,0,0,21,1,35,SGF,156,3
Kana,792,0,0,21,1,40,SGF,156,3
Kana,792,0,0,21,1,12,SGF,156,3
Kana,792,0,0,22,1,22,SGF,174,3
Kana,792,0,0,22,1,25,SGF,174,3
Kana,792,0,0,22,1,20,SGF,174,3
Kana,792,0,0,23,1,70,SGF,188,3
Kana,792,0,0,23,1,60,SGF,188,3
Kana,792,0,0,23,1,60,SGF,188,3
Kana,792,0,0,23,1,50,SGF,188,3
Kana,792,0,0,24,1,30,SGF,199,3
Kana,792,0,0,24,1,35,SGF,199,3
Kana,792,0,0,24,1,30,SGF,199,3
Kana,792,0,0,24,1,25,SGF,199,3
Kana,792,0,0,24,1,9,SGF,199,3
Kana,792,0,0,25,1,50,TKP,66,1
Kana,792,0,0,25,1,100,TKP,66,1
Kana,792,0,0,25,1,70,TKP,66,1
Kana,792,0,0,25,1,40,TKP,66,1
Kana,792,0,0,25,1,17,TKP,66,1
Kana,792,0,0,26,1,40,TKP,78,1
Kana,792,0,0,26,1,50,TKP,78,1
Kana,792,0,0,26,1,20,TKP,78,1
Kana,792,0,0,26,1,100,TKP,78,1
Kana,792,0,0,26,1,150,TKP,78,1
Kana,792,0,0,27,1,40,TKP,91,2
Kana,792,0,0,27,1,50,TKP,91,2
Kana,792,0,0,27,1,70,TKP,91,2
Kana,792,0,0,27,1,15,TKP,91,2
Kana,792,0,0,27,1,17,TKP,91,2
Kana,792,0,0,28,1,8,TKP,105,2
Kana,792,0,0,28,1,10,TKP,105,2
Kana,792,0,0,28,1,70,TKP,105,2
Kana,792,0,0,29,1,20,TKP,116,2
Kana,792,0,0,29,1,11,TKP,116,2
Kana,792,0,0,29,1,50,TKP,116,2
Kana,792,0,0,30,1,50,TKP,126,2
Kana,792,0,0,30,1,60,TKP,126,2
Kana,792,0,0,30,1,20,TKP,126,2
Kana,792,0,0,31,1,40,TKP,140,2
Kana,792,0,0,31,1,50,TKP,140,2
Kana,792,0,0,31,1,20,TKP,140,2
Kana,792,0,0,31,1,70,TKP,140,2
Kana,792,0,0,32,1,25,TKP,150,2
Kana,792,0,0,32,1,30,TKP,150,2
Kana,792,0,0,32,1,50,TKP,150,2
Kana,792,0,0,32,1,25,TKP,150,2
Kana,792,0,0,32,1,70,TKP,150,2
Kana,792,0,0,33,1,130,TKP,160,3
Kana,792,0,0,33,1,40,TKP,160,3
Kana,792,0,0,33,1,60,TKP,160,3
Kana,792,0,0,33,1,40,TKP,160,3
Kana,792,0,0,34,1,10,TKP,171,3
Kana,792,0,0,34,1,27,TKP,171,3
Kana,792,0,0,34,1,27,TKP,171,3
Kana,792,0,0,34,1,3,TKP,171,3
Kana,792,0,0,34,1,25,TKP,171,3
Kana,792,0,0,34,1,20,TKP,171,3
Kana,792,0,0,35,1,12,TKP,190,3
Kana,792,0,0,35,1,13,TKP,190,3
Kana,792,0,0,35,1,25,TKP,190,3
Kana,792,0,0,35,1,60,TKP,190,3
Kana,792,0,0,36,1,90,TKP,266,4
Kana,792,0,0,36,1,10,TKP,266,4
Kana,792,0,0,36,1,25,TKP,266,4
Kana,792,0,0,37,1,90,TKP,253,4
Kana,792,0,0,37,1,60,TKP,253,4
Kana,792,0,0,37,1,70,TKP,253,4
Kana,792,0,0,37,1,35,TKP,253,4
Kana,792,0,0,37,1,25,TKP,253,4
Kana,792,0,0,37,1,15,TKP,253,4
Kana,792,0,0,38,1,40,TKP,242,4
Kana,792,0,0,38,1,50,TKP,242,4
Kana,792,0,0,38,1,5,TKP,242,4
Kana,792,0,0,39,1,30,TKP,228,4
Kana,792,0,0,39,1,40,TKP,228,4
Kana,792,0,0,39,1,30,TKP,228,4
Kana,792,0,0,39,1,35,TKP,228,4
Kana,792,0,0,40,1,25,TKP,216,4
Kana,792,0,0,40,1,100,TKP,216,4
Kana,792,0,0,40,1,25,TKP,216,4
Kana,792,0,0,40,1,15,TKP,216,4
Kana,792,0,0,40,1,100,TKP,216,4
Kana,792,0,0,41,1,30,TKP,205,3
Kana,792,0,0,41,1,35,TKP,205,3
Kana,792,0,0,41,1,40,TKP,205,3
Kana,792,0,0,41,1,70,TKP,205,3
Kana,792,0,0,41,1,30,TKP,205,3
Kana,1292,0,0,1,1,35,SGF,136,2
Kana,1292,0,0,2,1,50,SGF,147,2
Kana,1292,0,0,3,1,,,,
Kana,1292,0,0,4,1,30,SGF,169,3
Kana,1292,0,0,4,1,30,SGF,169,3
Kana,1292,0,0,4,1,15,SGF,169,3
Kana,1292,0,0,5,1,75,SGF,181,3
Kana,1292,0,0,6,1,70,SGF,192,3
Kana,1292,0,0,6,1,75,SGF,192,3
Kana,1292,0,0,7,1,70,SGF,202,3
Kana,1292,0,0,7,1,80,SGF,202,3
Kana,1292,0,0,7,1,80,SGF,202,3
Kana,1292,0,0,7,1,65,SGF,202,3
Kana,1292,0,0,7,1,50,SGF,202,3
Kana,1292,0,0,7,1,35,SGF,202,3
Kana,1292,0,0,8,1,28,SGF,214,4
Kana,1292,0,0,8,1,27,SGF,214,4
Kana,1292,0,0,8,1,100,SGF,214,4
Kana,1292,0,0,9,1,22,SGF,223,4
Kana,1292,0,0,9,1,28,SGF,223,4
Kana,1292,0,0,9,1,80,SGF,223,4
Kana,1292,0,0,9,1,85,SGF,223,4
Kana,1292,0,0,9,1,90,SGF,223,4
Kana,1292,0,0,10,1,30,SGF,234,4
Kana,1292,0,0,10,1,30,SGF,234,4
Kana,1292,0,0,10,1,4,SGF,234,4
Kana,1292,0,0,10,1,12,SGF,234,4
Kana,1292,0,0,10,1,9,SGF,234,4
Kana,1292,0,0,10,1,30,SGF,234,4
Kana,1292,0,0,11,1,,,,
Kana,1292,0,0,13,1,28,SGF,122,2
Kana,1292,0,0,13,1,30,SGF,122,2
Kana,1292,0,0,13,1,50,SGF,122,2
Kana,1292,0,0,14,1,90,SGF,111,2
Kana,1292,0,0,14,1,85,SGF,111,2
Kana,1292,0,0,14,1,50,SGF,111,2
Kana,1292,0,0,14,1,35,SGF,111,2
Kana,1292,0,0,14,1,32,SGF,111,2
Kana,1292,0,0,14,1,30,SGF,111,2
Kana,1292,0,0,15,1,110,SGF,98,2
Kana,1292,0,0,15,1,75,SGF,98,2
Kana,1292,0,0,15,1,95,SGF,98,2
Kana,1292,0,0,15,1,85,SGF,98,2
Kana,1292,0,0,16,1,50,SGF,87,1
Kana,1292,0,0,16,1,45,SGF,87,1
Kana,1292,0,0,17,1,77,SGF,71,1
Kana,1292,0,0,17,1,75,SGF,71,1
Kana,1292,0,0,17,1,65,SGF,71,1
Kana,1292,0,0,18,1,18,SGF,58,1
Kana,1292,0,0,18,1,75,SGF,58,1
Kana,1292,0,0,18,1,65,SGF,58,1
Kana,1292,0,0,19,1,55,SGF,44,1
Kana,1292,0,0,19,1,45,SGF,44,1
Kana,1292,0,0,19,1,35,SGF,44,1
Kana,1292,0,0,20,1,55,SGF,33,1
Kana,1292,0,0,20,1,90,SGF,33,1
Kana,1292,0,0,21,1,65,SGF,23,0
Kana,1292,0,0,21,1,22,SGF,23,0
Kana,1292,0,0,22,1,70,SGF,13,0
Kana,1292,0,0,22,1,110,SGF,13,0
Kana,1292,0,0,22,1,85,SGF,13,0
Kana,1292,0,0,23,1,80,SGF,2,0
Kana,1292,0,0,23,1,85,SGF,2,0
Kana,1292,0,0,23,1,90,SGF,2,0
Kana,1292,0,0,23,1,35,SGF,2,0
Kana,1292,0,0,24,1,60,SGF,-11,0
Kana,1292,0,0,24,1,65,SGF,-11,0
Kana,1292,0,0,24,1,55,SGF,-11,0
Kana,1292,0,0,24,1,15,SGF,-11,0
Kana,1292,0,0,25,1,12,TJS,81,1
Kana,1292,0,0,25,1,12,TJS,81,1
Kana,1292,0,0,25,1,38,TJS,81,1
Kana,1292,0,0,25,1,80,TJS,81,1
Kana,1292,0,0,25,1,42,TJS,81,1
Kana,1292,0,0,25,1,28,TJS,81,1
Kana,1292,0,0,26,1,42,TJS,93,2
Kana,1292,0,0,26,1,12,TJS,93,2
Kana,1292,0,0,26,1,9,TJS,93,2
Kana,1292,0,0,26,1,36,TJS,93,2
Kana,1292,0,0,26,1,48,TJS,93,2
Kana,1292,0,0,26,1,90,TJS,93,2
Kana,1292,0,0,26,1,70,TJS,93,2
Kana,1292,0,0,27,1,43,TJS,107,2
Kana,1292,0,0,27,1,88,TJS,107,2
Kana,1292,0,0,27,1,32,TJS,107,2
Kana,1292,0,0,27,1,48,TJS,107,2
Kana,1292,0,0,27,1,64,TJS,107,2
Kana,1292,0,0,27,1,19,TJS,107,2
Kana,1292,0,0,27,1,21,TJS,107,2
Kana,1292,0,0,28,1,32,TJS,118,2
Kana,1292,0,0,28,1,26,TJS,118,2
Kana,1292,0,0,28,1,75,TJS,118,2
Kana,1292,0,0,28,1,65,TJS,118,2
Kana,1292,0,0,28,1,18,TJS,118,2
Kana,1292,0,0,28,1,12,TJS,118,2
Kana,1292,0,0,29,1,29,TJS,129,2
Kana,1292,0,0,29,1,37,TJS,129,2
Kana,1292,0,0,29,1,22,TJS,129,2
Kana,1292,0,0,30,1,56,TJS,141,2
Kana,1292,0,0,30,1,43,TJS,141,2
Kana,1292,0,0,30,1,65,TJS,141,2
Kana,1292,0,0,30,1,32,TJS,141,2
Kana,1292,0,0,30,1,16,TJS,141,2
Kana,1292,0,0,31,1,56,TJS,156,3
Kana,1292,0,0,31,1,42,TJS,156,3
Kana,1292,0,0,31,1,21,TJS,156,3
Kana,1292,0,0,31,1,23,TJS,156,3
Kana,1292,0,0,31,1,32,TJS,156,3
Kana,1292,0,0,32,1,38,TJS,167,3
Kana,1292,0,0,32,1,72,TJS,167,3
Kana,1292,0,0,32,1,64,TJS,167,3
Kana,1292,0,0,32,1,52,TJS,167,3
Kana,1292,0,0,32,1,28,TJS,167,3
Kana,1292,0,0,32,1,7,TJS,167,3
Kana,1292,0,0,32,1,5,TJS,167,3
Kana,1292,0,0,33,1,85,TJS,178,3
Kana,1292,0,0,33,1,48,TJS,178,3
Kana,1292,0,0,33,1,36,TJS,178,3
Kana,1292,0,0,33,1,62,TJS,178,3
Kana,1292,0,0,33,1,42,TJS,178,3
Kana,1292,0,0,34,1,21,TJS,188,3
Kana,1292,0,0,34,1,19,TJS,188,3
Kana,1292,0,0,34,1,85,TJS,188,3
Kana,1292,0,0,34,1,8,TJS,188,3
Kana,1292,0,0,34,1,22,TJS,188,3
Kana,1292,0,0,34,1,43,TJS,188,3
Kana,1292,0,0,35,1,26,TJS,199,3
Kana,1292,0,0,35,1,38,TJS,199,3
Kana,1292,0,0,35,1,46,TJS,199,3
Kana,1292,0,0,35,1,48,TJS,199,3
Kana,1292,0,0,35,1,25,TJS,199,3
Kana,1292,0,0,35,1,1,TJS,199,3
Kana,1292,0,0,36,1,26,TJS,47,1
Kana,1292,0,0,36,1,38,TJS,47,1
Kana,1292,0,0,36,1,22,TJS,47,1
Kana,1292,0,0,37,1,1,TJS,36,1
Kana,1292,0,0,37,1,16,TJS,36,1
Kana,1292,0,0,37,1,36,TJS,36,1
Kana,1292,0,0,37,1,22,TJS,36,1
Kana,1292,0,0,37,1,18,TJS,36,1
Kana,1292,0,0,37,1,1,TJS,36,1
Kana,1292,0,0,38,1,12,TJS,22,0
Kana,1292,0,0,38,1,10,TJS,22,0
Kana,1292,0,0,38,1,65,TJS,22,0
Kana,1292,0,0,38,1,18,TJS,22,0
Kana,1292,0,0,39,1,9,TJS,10,0
Kana,1292,0,0,39,1,32,TJS,10,0
Kana,1292,0,0,39,1,28,TJS,10,0
Kana,1292,0,0,39,1,22,TJS,10,0
Kana,1292,0,0,39,1,62,TJS,10,0
Kana,1292,0,0,39,1,26,TJS,10,0
Kana,1292,0,0,40,1,100,TJS,0,0
Kana,1292,0,0,40,1,45,TJS,0,0
Kana,1292,0,0,40,1,70,TJS,0,0
Kana,1292,0,0,40,1,75,TJS,0,0
Kana,1292,0,0,40,1,38,TJS,0,0
Kana,1292,0,0,41,1,35,TJS,-18,0
Kana,1292,0,0,41,1,38,TJS,-18,0
Kana,1292,0,0,41,1,41,TJS,-18,0
Kana,1292,0,0,41,1,45,TJS,-18,0
Kana,493,0,0,1,1,18,TJS,28,0
Kana,493,0,0,1,1,45,TJS,28,0
Kana,493,0,0,1,1,95,TJS,28,0
Kana,493,0,0,1,1,105,TJS,28,0
Kana,493,0,0,1,1,35,TJS,28,0
Kana,493,0,0,1,1,75,TJS,28,0
Kana,493,0,0,2,1,85,TJS,44,1
Kana,493,0,0,2,1,75,TJS,44,1
Kana,493,0,0,2,1,110,TJS,44,1
Kana,493,0,0,2,1,52,TJS,44,1
Kana,493,0,0,3,1,130,TJS,53,1
Kana,493,0,0,3,1,60,TJS,53,1
Kana,493,0,0,3,1,32,TJS,53,1
Kana,493,0,0,3,1,49,TJS,53,1
Kana,493,0,0,3,1,110,TJS,53,1
Kana,493,0,0,4,1,32,TJS,63,1
Kana,493,0,0,4,1,16,TJS,63,1
Kana,493,0,0,4,1,110,TJS,63,1
Kana,493,0,0,4,1,95,TJS,63,1
Kana,493,0,0,4,1,28,TJS,63,1
Kana,493,0,0,4,1,32,TJS,63,1
Kana,493,0,0,4,1,48,TJS,63,1
Kana,493,0,0,5,1,105,TJS,73,1
Kana,493,0,0,5,1,85,TJS,73,1
Kana,493,0,0,5,1,130,TJS,73,1
Kana,493,0,0,5,1,48,TJS,73,1
Kana,493,0,0,5,1,55,TJS,73,1
Kana,493,0,0,5,1,36,TJS,73,1
Kana,493,0,0,5,1,41,TJS,73,1
Kana,493,0,0,6,1,47,TJS,86,1
Kana,493,0,0,6,1,49,TJS,86,1
Kana,493,0,0,6,1,39,TJS,86,1
Kana,493,0,0,6,1,52,TJS,86,1
Kana,493,0,0,6,1,85,TJS,86,1
Kana,493,0,0,6,1,78,TJS,86,1
Kana,493,0,0,6,1,24,TJS,86,1
Kana,493,0,0,6,1,42,TJS,86,1
Kana,493,0,0,7,1,32,TJS,98,2
Kana,493,0,0,7,1,19,TJS,98,2
Kana,493,0,0,7,1,33,TJS,98,2
Kana,493,0,0,7,1,33,TJS,98,2
Kana,493,0,0,7,1,78,TJS,98,2
Kana,493,0,0,7,1,78,TJS,98,2
Kana,493,0,0,7,1,35,TJS,98,2
Kana,493,0,0,7,1,42,TJS,98,2
Kana,493,0,0,7,1,43,TJS,98,2
Kana,493,0,0,7,1,37,TJS,98,2
Kana,493,0,0,7,1,27,TJS,98,2
Kana,493,0,0,7,1,27,TJS,98,2
Kana,493,0,0,8,1,65,TJS,108,2
Kana,493,0,0,8,1,110,TJS,108,2
Kana,493,0,0,8,1,68,TJS,108,2
Kana,493,0,0,8,1,46,TJS,108,2
Kana,493,0,0,8,1,52,TJS,108,2
Kana,493,0,0,9,1,62,TJS,117,2
Kana,493,0,0,9,1,28,TJS,117,2
Kana,493,0,0,9,1,79,TJS,117,2
Kana,493,0,0,9,1,95,TJS,117,2
Kana,493,0,0,9,1,120,TJS,117,2
Kana,493,0,0,9,1,44,TJS,117,2
Kana,493,0,0,10,1,105,TJS,127,2
Kana,493,0,0,10,1,22,TJS,127,2
Kana,493,0,0,10,1,43,TJS,127,2
Kana,493,0,0,10,1,62,TJS,127,2
Kana,493,0,0,10,1,43,TJS,127,2
Kana,493,0,0,10,1,42,TJS,127,2
Kana,493,0,0,10,1,58,TJS,127,2
Kana,493,0,0,11,1,90,TJS,140,2
Kana,493,0,0,11,1,85,TJS,140,2
Kana,493,0,0,11,1,38,TJS,140,2
Kana,493,0,0,11,1,42,TJS,140,2
Kana,493,0,0,11,1,78,TJS,140,2
Kana,493,0,0,11,1,68,TJS,140,2
Kana,493,0,0,11,1,95,TJS,140,2
Kana,493,0,0,12,1,88,TJS,213,4
Kana,493,0,0,12,1,46,TJS,213,4
Kana,493,0,0,12,1,17,TJS,213,4
Kana,493,0,0,12,1,85,TJS,213,4
Kana,493,0,0,12,1,52,TJS,213,4
Kana,493,0,0,12,1,2,TJS,213,4
Kana,493,0,0,12,1,36,TJS,213,4
Kana,493,0,0,13,1,34,TJS,299,5
Kana,493,0,0,13,1,46,TJS,299,5
Kana,493,0,0,13,1,28,TJS,299,5
Kana,493,0,0,13,1,21,TJS,299,5
Kana,493,0,0,13,1,82,TJS,299,5
Kana,493,0,0,13,1,65,TJS,299,5
Kana,493,0,0,13,1,80,TJS,299,5
Kana,493,0,0,13,1,17,TJS,299,5
Kana,493,0,0,14,1,28,TJS,289,5
Kana,493,0,0,14,1,17,TJS,289,5
Kana,493,0,0,14,1,95,TJS,289,5
Kana,493,0,0,14,1,100,TJS,289,5
Kana,493,0,0,14,1,62,TJS,289,5
Kana,493,0,0,15,1,42,TJS,270,4
Kana,493,0,0,15,1,48,TJS,270,4
Kana,493,0,0,15,1,32,TJS,270,4
Kana,493,0,0,15,1,53,TJS,270,4
Kana,493,0,0,15,1,95,TJS,270,4
Kana,493,0,0,16,1,75,TJS,259,4
Kana,493,0,0,16,1,35,TJS,259,4
Kana,493,0,0,16,1,40,TJS,259,4
Kana,493,0,0,16,1,26,TJS,259,4
Kana,493,0,0,17,1,41,TJS,247,4
Kana,493,0,0,17,1,75,TJS,247,4
Kana,493,0,0,17,1,35,TJS,247,4
Kana,493,0,0,17,1,100,TJS,247,4
Kana,493,0,0,17,1,48,TJS,247,4
Kana,493,0,0,18,1,60,TJS,235,4
Kana,493,0,0,18,1,48,TJS,235,4
Kana,493,0,0,18,1,35,TJS,235,4
Kana,493,0,0,18,1,120,TJS,235,4
Kana,493,0,0,18,1,21,TJS,235,4
Kana,493,0,0,18,1,95,TJS,235,4
Kana,493,0,0,18,1,47,TJS,235,4
Kana,493,0,0,19,1,41,TJS,223,4
Kana,493,0,0,19,1,68,TJS,223,4
Kana,493,0,0,19,1,18,TJS,223,4
Kana,493,0,0,19,1,85,TJS,223,4
Kana,493,0,0,19,1,38,TJS,223,4
Kana,493,0,0,19,1,47,TJS,223,4
Kana,493,0,0,19,1,52,TJS,223,4
Kana,493,0,0,19,1,27,TJS,223,4
Kana,493,0,0,20,1,65,TJS,212,4
Kana,493,0,0,20,1,46,TJS,212,4
Kana,493,0,0,20,1,48,TJS,212,4
Kana,493,0,0,20,1,45,TJS,212,4
Kana,493,0,0,20,1,75,TJS,212,4
Kana,493,0,0,20,1,14,TJS,212,4
Kana,493,0,0,21,1,17,TJS,199,3
Kana,493,0,0,21,1,17,TJS,199,3
Kana,493,0,0,21,1,18,TJS,199,3
Kana,493,0,0,21,1,32,TJS,199,3
Kana,493,0,0,21,1,34,TJS,199,3
Kana,493,0,0,21,1,8,TJS,199,3
Kana,493,0,0,22,1,37,TJS,189,3
Kana,493,0,0,22,1,26,TJS,189,3
Kana,493,0,0,22,1,95,TJS,189,3
Kana,493,0,0,22,1,22,TJS,189,3
Kana,493,0,0,22,1,95,TJS,189,3
Kana,493,0,0,22,1,28,TJS,189,3
Kana,493,0,0,23,1,110,TJS,178,3
Kana,493,0,0,23,1,38,TJS,178,3
Kana,493,0,0,23,1,7,TJS,178,3
Kana,493,0,0,23,1,95,TJS,178,3
Kana,493,0,0,23,1,80,TJS,178,3
Kana,493,0,0,23,1,85,TJS,178,3
Kana,493,0,0,23,1,46,TJS,178,3
Kana,493,0,0,24,1,14,TJS,167,3
Kana,493,0,0,24,1,39,TJS,167,3
Kana,493,0,0,24,1,51,TJS,167,3
Kana,493,0,0,24,1,48,TJS,167,3
Kana,493,0,0,24,1,32,TJS,167,3
Kana,493,0,0,24,1,11,TJS,167,3
Kana,493,0,0,24,1,52,TJS,167,3
Kana,493,0,0,24,1,8,TJS,167,3
Kana,493,0,0,25,1,38,TJS,236,4
Kana,493,0,0,25,1,85,TJS,236,4
Kana,493,0,0,25,1,24,TJS,236,4
Kana,493,0,0,25,1,90,TJS,236,4
Kana,493,0,0,25,1,32,TJS,236,4
Kana,493,0,0,26,1,46,TJS,223,4
Kana,493,0,0,26,1,52,TJS,223,4
Kana,493,0,0,26,1,68,TJS,223,4
Kana,493,0,0,26,1,26,TJS,223,4
Kana,493,0,0,27,1,26,TJS,210,4
Kana,493,0,0,27,1,48,TJS,210,4
Kana,493,0,0,27,1,75,TJS,210,4
Kana,493,0,0,27,1,62,TJS,210,4
Kana,493,0,0,27,1,26,TJS,210,4
Kana,493,0,0,27,1,70,TJS,210,4
Kana,493,0,0,27,1,14,TJS,210,4
Kana,493,0,0,27,1,17,TJS,210,4
Kana,493,0,0,28,1,10,TJS,197,3
Kana,493,0,0,28,1,26,TJS,197,3
Kana,493,0,0,28,1,35,TJS,197,3
Kana,493,0,0,28,1,16,TJS,197,3
Kana,493,0,0,28,1,42,TJS,197,3
Kana,493,0,0,28,1,90,TJS,197,3
Kana,493,0,0,28,1,65,TJS,197,3
Kana,493,0,0,29,1,49,TJS,182,3
Kana,493,0,0,29,1,42,TJS,182,3
Kana,493,0,0,29,1,36,TJS,182,3
Kana,493,0,0,29,1,85,TJS,182,3
Kana,493,0,0,29,1,75,TJS,182,3
Kana,493,0,0,29,1,49,TJS,182,3
Kana,493,0,0,30,1,26,TJS,171,3
Kana,493,0,0,30,1,35,TJS,171,3
Kana,493,0,0,30,1,44,TJS,171,3
Kana,493,0,0,30,1,27,TJS,171,3
Kana,493,0,0,30,1,42,TJS,171,3
Kana,493,0,0,30,1,39,TJS,171,3
Kana,493,0,0,30,1,51,TJS,171,3
Kana,493,0,0,30,1,67,TJS,171,3
Kana,493,0,0,31,1,26,TJS,160,3
Kana,493,0,0,31,1,39,TJS,160,3
Kana,493,0,0,31,1,21,TJS,160,3
Kana,493,0,0,31,1,52,TJS,160,3
Kana,493,0,0,31,1,87,TJS,160,3
Kana,493,0,0,31,1,75,TJS,160,3
Kana,493,0,0,32,1,27,TJS,145,2
Kana,493,0,0,32,1,28,TJS,145,2
Kana,493,0,0,32,1,65,TJS,145,2
Kana,493,0,0,32,1,17,TJS,145,2
Kana,493,0,0,32,1,85,TJS,145,2
Kana,493,0,0,32,1,21,TJS,145,2
Kana,493,0,0,32,1,28,TJS,145,2
Kana,493,0,0,33,1,29,TJS,134,2
Kana,493,0,0,33,1,38,TJS,134,2
Kana,493,0,0,33,1,47,TJS,134,2
Kana,493,0,0,33,1,52,TJS,134,2
Kana,493,0,0,33,1,62,TJS,134,2
Kana,493,0,0,33,1,41,TJS,134,2
Kana,493,0,0,34,1,38,TJS,123,2
Kana,493,0,0,34,1,19,TJS,123,2
Kana,493,0,0,34,1,68,TJS,123,2
Kana,493,0,0,34,1,21,TJS,123,2
Kana,493,0,0,34,1,26,TJS,123,2
Kana,493,0,0,34,1,30,TJS,123,2
Kana,493,0,0,34,1,110,TJS,123,2
Kana,493,0,0,34,1,76,TJS,123,2
Kana,493,0,0,34,1,47,TJS,123,2
Kana,493,0,0,34,1,52,TJS,123,2
Kana,493,0,0,35,1,32,TJS,112,2
Kana,493,0,0,35,1,21,TJS,112,2
Kana,493,0,0,35,1,47,TJS,112,2
Kana,493,0,0,35,1,3,TJS,112,2
Kana,493,0,0,35,1,2,TJS,112,2
Kana,493,0,0,35,1,2,TJS,112,2
Kana,493,0,0,35,1,17,TJS,112,2
Kana,493,0,0,35,1,72,TJS,112,2
Kana,493,0,0,35,1,78,TJS,112,2
Kana,493,0,0,35,1,40,TJS,112,2
Kana,493,0,0,36,1,55,TJS,46,1
Kana,493,0,0,36,1,70,TJS,46,1
Kana,493,0,0,36,1,75,TJS,46,1
Kana,493,0,0,36,1,72,TJS,46,1
Kana,493,0,0,36,1,4,TJS,46,1
Kana,493,0,0,36,1,12,TJS,46,1
Kana,493,0,0,36,1,50,TJS,46,1
Kana,493,0,0,36,1,58,TJS,46,1
Kana,493,0,0,37,1,45,TJS,58,1
Kana,493,0,0,37,1,16,TJS,58,1
Kana,493,0,0,37,1,36,TJS,58,1
Kana,493,0,0,37,1,42,TJS,58,1
Kana,493,0,0,37,1,75,TJS,58,1
Kana,493,0,0,37,1,70,TJS,58,1
Kana,493,0,0,37,1,110,TJS,58,1
Kana,493,0,0,37,1,51,TJS,58,1
Kana,493,0,0,37,1,8,TJS,58,1
Kana,493,0,0,38,1,65,TJS,68,1
Kana,493,0,0,38,1,36,TJS,68,1
Kana,493,0,0,38,1,45,TJS,68,1
Kana,493,0,0,38,1,26,TJS,68,1
Kana,493,0,0,38,1,79,TJS,68,1
Kana,493,0,0,38,1,40,TJS,68,1
Kana,493,0,0,38,1,36,TJS,68,1
Kana,493,0,0,39,1,36,TJS,78,1
Kana,493,0,0,39,1,27,TJS,78,1
Kana,493,0,0,39,1,68,TJS,78,1
Kana,493,0,0,39,1,105,TJS,78,1
Kana,493,0,0,39,1,42,TJS,78,1
Kana,493,0,0,39,1,48,TJS,78,1
Kana,493,0,0,40,1,28,TJS,89,1
Kana,493,0,0,40,1,36,TJS,89,1
Kana,493,0,0,40,1,23,TJS,89,1
Kana,493,0,0,40,1,21,TJS,89,1
Kana,493,0,0,40,1,90,TJS,89,1
Kana,493,0,0,40,1,54,TJS,89,1
Kana,493,0,0,41,1,36,TJS,100,2
Kana,493,0,0,41,1,6,TJS,100,2
Kana,493,0,0,41,1,44,TJS,100,2
Kana,493,0,0,41,1,47,TJS,100,2
Kana,493,0,0,41,1,48,TJS,100,2
Kana,793,0,0,1,1,30,TJS,171,3
Kana,793,0,0,1,1,80,TJS,171,3
Kana,793,0,0,1,1,70,TJS,171,3
Kana,793,0,0,1,1,80,TJS,171,3
Kana,793,0,0,1,1,28,TJS,171,3
Kana,793,0,0,1,1,32,TJS,171,3
Kana,793,0,0,1,1,60,TJS,171,3
Kana,793,0,0,1,1,12,TJS,171,3
Kana,793,0,0,2,1,32,TJS,182,3
Kana,793,0,0,2,1,85,TJS,182,3
Kana,793,0,0,2,1,23,TJS,182,3
Kana,793,0,0,2,1,75,TJS,182,3
Kana,793,0,0,2,1,80,TJS,182,3
Kana,793,0,0,2,1,42,TJS,182,3
Kana,793,0,0,3,1,48,TJS,192,3
Kana,793,0,0,3,1,60,TJS,192,3
Kana,793,0,0,3,1,85,TJS,192,3
Kana,793,0,0,3,1,100,TJS,192,3
Kana,793,0,0,4,1,25,TJS,203,3
Kana,793,0,0,4,1,14,TJS,203,3
Kana,793,0,0,4,1,17,TJS,203,3
Kana,793,0,0,4,1,28,TJS,203,3
Kana,793,0,0,5,1,40,TJS,214,4
Kana,793,0,0,5,1,90,TJS,214,4
Kana,793,0,0,5,1,28,TJS,214,4
Kana,793,0,0,5,1,24,TJS,214,4
Kana,793,0,0,5,1,62,TJS,214,4
Kana,793,0,0,5,1,60,TJS,214,4
Kana,793,0,0,6,1,32,TJS,225,4
Kana,793,0,0,6,1,70,TJS,225,4
Kana,793,0,0,6,1,36,TJS,225,4
Kana,793,0,0,6,1,38,TJS,225,4
Kana,793,0,0,6,1,45,TJS,225,4
Kana,793,0,0,6,1,40,TJS,225,4
Kana,793,0,0,7,1,90,TJS,237,4
Kana,793,0,0,7,1,65,TJS,237,4
Kana,793,0,0,7,1,36,TJS,237,4
Kana,793,0,0,7,1,60,TJS,237,4
Kana,793,0,0,7,1,45,TJS,237,4
Kana,793,0,0,7,1,75,TJS,237,4
Kana,793,0,0,7,1,28,TJS,237,4
Kana,793,0,0,7,1,85,TJS,237,4
Kana,793,0,0,8,1,48,TJS,247,4
Kana,793,0,0,8,1,48,TJS,247,4
Kana,793,0,0,8,1,65,TJS,247,4
Kana,793,0,0,8,1,80,TJS,247,4
Kana,793,0,0,8,1,70,TJS,247,4
Kana,793,0,0,8,1,45,TJS,247,4
Kana,793,0,0,8,1,28,TJS,247,4
Kana,793,0,0,8,1,26,TJS,247,4
Kana,793,0,0,9,1,26,TJS,257,4
Kana,793,0,0,9,1,38,TJS,257,4
Kana,793,0,0,9,1,75,TJS,257,4
Kana,793,0,0,9,1,80,TJS,257,4
Kana,793,0,0,9,1,90,TJS,257,4
Kana,793,0,0,9,1,42,TJS,257,4
Kana,793,0,0,9,1,70,TJS,257,4
Kana,793,0,0,10,1,45,TJS,268,4
Kana,793,0,0,10,1,40,TJS,268,4
Kana,793,0,0,10,1,60,TJS,268,4
Kana,793,0,0,10,1,32,TJS,268,4
Kana,793,0,0,10,1,12,TJS,268,4
Kana,793,0,0,10,1,38,TJS,268,4
Kana,793,0,0,11,1,42,TJS,279,5
Kana,793,0,0,11,1,38,TJS,279,5
Kana,793,0,0,11,1,80,TJS,279,5
Kana,793,0,0,11,1,65,TJS,279,5
Kana,793,0,0,11,1,45,TJS,279,5
Kana,793,0,0,11,1,18,TJS,279,5
Kana,793,0,0,11,1,36,TJS,279,5
Kana,793,0,0,12,1,3,TJS,290,5
Kana,793,0,0,12,1,28,TJS,290,5
Kana,793,0,0,12,1,70,TJS,290,5
Kana,793,0,0,12,1,50,TJS,290,5
Kana,793,0,0,12,1,50,TJS,290,5
Kana,793,0,0,12,1,55,TJS,290,5
Kana,793,0,0,13,1,14,TJS,155,3
Kana,793,0,0,13,1,45,TJS,155,3
Kana,793,0,0,13,1,32,TJS,155,3
Kana,793,0,0,13,1,35,TJS,155,3
Kana,793,0,0,13,1,16,TJS,155,3
Kana,793,0,0,14,1,65,TJS,145,2
Kana,793,0,0,14,1,23,TJS,145,2
Kana,793,0,0,14,1,40,TJS,145,2
Kana,793,0,0,14,1,26,TJS,145,2
Kana,793,0,0,15,1,55,TJS,135,2
Kana,793,0,0,15,1,8,TJS,135,2
Kana,793,0,0,15,1,45,TJS,135,2
Kana,793,0,0,15,1,75,TJS,135,2
Kana,793,0,0,15,1,60,TJS,135,2
Kana,793,0,0,16,1,26,TJS,123,2
Kana,793,0,0,16,1,65,TJS,123,2
Kana,793,0,0,16,1,90,TJS,123,2
Kana,793,0,0,16,1,35,TJS,123,2
Kana,793,0,0,16,1,38,TJS,123,2
Kana,793,0,0,16,1,42,TJS,123,2
Kana,793,0,0,17,1,36,TJS,111,2
Kana,793,0,0,17,1,45,TJS,111,2
Kana,793,0,0,18,1,50,TJS,100,2
Kana,793,0,0,18,1,4,TJS,100,2
Kana,793,0,0,18,1,24,TJS,100,2
Kana,793,0,0,18,1,16,TJS,100,2
Kana,793,0,0,18,1,35,TJS,100,2
Kana,793,0,0,18,1,12,TJS,100,2
Kana,793,0,0,18,1,29,TJS,100,2
Kana,793,0,0,18,1,35,TJS,100,2
Kana,793,0,0,19,1,50,TJS,87,1
Kana,793,0,0,19,1,23,TJS,87,1
Kana,793,0,0,19,1,19,TJS,87,1
Kana,793,0,0,19,1,85,TJS,87,1
Kana,793,0,0,20,1,27,TJS,75,1
Kana,793,0,0,20,1,24,TJS,75,1
Kana,793,0,0,20,1,26,TJS,75,1
Kana,793,0,0,20,1,17,TJS,75,1
Kana,793,0,0,20,1,17,TJS,75,1
Kana,793,0,0,21,1,42,TJS,66,1
Kana,793,0,0,21,1,12,TJS,66,1
Kana,793,0,0,21,1,23,TJS,66,1
Kana,793,0,0,21,1,9,TJS,66,1
Kana,793,0,0,21,1,9,TJS,66,1
Kana,793,0,0,21,1,32,TJS,66,1
Kana,793,0,0,21,1,50,TJS,66,1
Kana,793,0,0,22,1,80,TJS,54,1
Kana,793,0,0,22,1,26,TJS,54,1
Kana,793,0,0,22,1,45,TJS,54,1
Kana,793,0,0,22,1,50,TJS,54,1
Kana,793,0,0,22,1,60,TJS,54,1
Kana,793,0,0,22,1,40,TJS,54,1
Kana,793,0,0,22,1,58,TJS,54,1
Kana,793,0,0,23,1,32,TJS,41,1
Kana,793,0,0,23,1,26,TJS,41,1
Kana,793,0,0,23,1,45,TJS,41,1
Kana,793,0,0,23,1,16,TJS,41,1
Kana,793,0,0,23,1,45,TJS,41,1
Kana,793,0,0,23,1,30,TJS,41,1
Kana,793,0,0,24,1,33,TJS,28,0
Kana,793,0,0,24,1,50,TJS,28,0
Kana,793,0,0,24,1,45,TJS,28,0
Kana,793,0,0,24,1,37,TJS,28,0
Kana,793,0,0,24,1,23,TJS,28,0
Kana,793,0,0,24,1,35,TJS,28,0
Kana,793,0,0,25,1,8,SGF,104,2
Kana,793,0,0,25,1,37,SGF,104,2
Kana,793,0,0,26,1,8,SGF,137,2
Kana,793,0,0,26,1,13,SGF,137,2
Kana,793,0,0,26,1,14,SGF,137,2
Kana,793,0,0,26,1,28,SGF,137,2
Kana,793,0,0,26,1,15,SGF,137,2
Kana,793,0,0,26,1,25,SGF,137,2
Kana,793,0,0,27,1,8,SGF,164,3
Kana,793,0,0,27,1,65,SGF,164,3
Kana,793,0,0,27,1,48,SGF,164,3
Kana,793,0,0,27,1,17,SGF,164,3
Kana,793,0,0,27,1,10,SGF,164,3
Kana,793,0,0,28,1,24,SGF,174,3
Kana,793,0,0,28,1,18,SGF,174,3
Kana,793,0,0,28,1,10,SGF,174,3
Kana,793,0,0,28,1,14,SGF,174,3
Kana,793,0,0,29,1,22,SGF,186,3
Kana,793,0,0,29,1,18,SGF,186,3
Kana,793,0,0,29,1,18,SGF,186,3
Kana,793,0,0,29,1,15,SGF,186,3
Kana,793,0,0,29,1,18,SGF,186,3
Kana,793,0,0,30,1,40,SGF,197,3
Kana,793,0,0,30,1,35,SGF,197,3
Kana,793,0,0,30,1,24,SGF,197,3
Kana,793,0,0,30,1,22,SGF,197,3
Kana,793,0,0,31,1,35,SGF,210,4
Kana,793,0,0,31,1,30,SGF,210,4
Kana,793,0,0,31,1,12,SGF,210,4
Kana,793,0,0,31,1,25,SGF,210,4
Kana,793,0,0,31,1,25,SGF,210,4
Kana,793,0,0,31,1,20,SGF,210,4
Kana,793,0,0,31,1,26,SGF,210,4
Kana,793,0,0,32,1,28,SGF,221,4
Kana,793,0,0,32,1,45,SGF,221,4
Kana,793,0,0,32,1,22,SGF,221,4
Kana,793,0,0,32,1,15,SGF,221,4
Kana,793,0,0,32,1,25,SGF,221,4
Kana,793,0,0,32,1,25,SGF,221,4
Kana,793,0,0,32,1,4,SGF,221,4
Kana,793,0,0,32,1,7,SGF,221,4
Kana,793,0,0,33,1,35,SGF,232,4
Kana,793,0,0,33,1,35,SGF,232,4
Kana,793,0,0,33,1,38,SGF,232,4
Kana,793,0,0,33,1,30,SGF,232,4
Kana,793,0,0,34,1,23,SGF,242,4
Kana,793,0,0,34,1,22,SGF,242,4
Kana,793,0,0,34,1,22,SGF,242,4
Kana,793,0,0,34,1,3,SGF,242,4
Kana,793,0,0,35,1,10,SGF,252,4
Kana,793,0,0,35,1,12,SGF,252,4
Kana,793,0,0,35,1,16,SGF,252,4
Kana,793,0,0,35,1,15,SGF,252,4
Kana,793,0,0,35,1,25,SGF,252,4
Kana,793,0,0,36,1,24,SGF,71,1
Kana,793,0,0,36,1,24,SGF,71,1
Kana,793,0,0,36,1,5,SGF,71,1
Kana,793,0,0,36,1,8,SGF,71,1
Kana,793,0,0,36,1,28,SGF,71,1
Kana,793,0,0,37,1,13,SGF,59,1
Kana,793,0,0,37,1,13,SGF,59,1
Kana,793,0,0,38,1,12,SGF,48,1
Kana,793,0,0,39,1,22,SGF,34,1
Kana,793,0,0,39,1,8,SGF,34,1
Kana,793,0,0,39,1,50,SGF,34,1
Kana,793,0,0,39,1,35,SGF,34,1
Kana,793,0,0,39,1,28,SGF,34,1
Kana,793,0,0,39,1,60,SGF,34,1
Kana,793,0,0,40,1,75,SGF,22,0
Kana,194,0,0,1,1,26,TJS,-8,0
Kana,194,0,0,1,1,80,TJS,-8,0
Kana,194,0,0,1,1,90,TJS,-8,0
Kana,194,0,0,1,1,75,TJS,-8,0
Kana,194,0,0,2,1,48,TJS,3,0
Kana,194,0,0,2,1,110,TJS,3,0
Kana,194,0,0,2,1,50,TJS,3,0
Kana,194,0,0,2,1,70,TJS,3,0
Kana,194,0,0,2,1,120,TJS,3,0
Kana,194,0,0,2,1,80,TJS,3,0
Kana,194,0,0,3,1,200,TJS,14,0
Kana,194,0,0,3,1,120,TJS,14,0
Kana,194,0,0,3,1,85,TJS,14,0
Kana,194,0,0,3,1,180,TJS,14,0
Kana,194,0,0,3,1,41,TJS,14,0
Kana,194,0,0,4,1,65,TJS,26,0
Kana,194,0,0,4,1,210,TJS,26,0
Kana,194,0,0,4,1,210,TJS,26,0
Kana,194,0,0,4,1,110,TJS,26,0
Kana,194,0,0,4,1,80,TJS,26,0
Kana,194,0,0,4,1,95,TJS,26,0
Kana,194,0,0,4,1,120,TJS,26,0
Kana,194,0,0,5,1,110,TJS,38,1
Kana,194,0,0,5,1,180,TJS,38,1
Kana,194,0,0,5,1,58,TJS,38,1
Kana,194,0,0,5,1,85,TJS,38,1
Kana,194,0,0,5,1,40,TJS,38,1
Kana,194,0,0,6,1,60,TJS,48,1
Kana,194,0,0,6,1,90,TJS,48,1
Kana,194,0,0,6,1,85,TJS,48,1
Kana,194,0,0,6,1,35,TJS,48,1
Kana,194,0,0,6,1,55,TJS,48,1
Kana,194,0,0,6,1,78,TJS,48,1
Kana,194,0,0,7,1,95,TJS,59,1
Kana,194,0,0,7,1,65,TJS,59,1
Kana,194,0,0,7,1,85,TJS,59,1
Kana,194,0,0,7,1,48,TJS,59,1
Kana,194,0,0,7,1,16,TJS,59,1
Kana,194,0,0,7,1,38,TJS,59,1
Kana,194,0,0,7,1,29,TJS,59,1
Kana,194,0,0,8,1,48,TJS,75,1
Kana,194,0,0,8,1,16,TJS,75,1
Kana,194,0,0,8,1,12,TJS,75,1
Kana,194,0,0,8,1,180,TJS,75,1
Kana,194,0,0,8,1,120,TJS,75,1
Kana,194,0,0,8,1,36,TJS,75,1
Kana,194,0,0,8,1,75,TJS,75,1
Kana,194,0,0,9,1,95,TJS,86,1
Kana,194,0,0,9,1,150,TJS,86,1
Kana,194,0,0,9,1,180,TJS,86,1
Kana,194,0,0,9,1,110,TJS,86,1
Kana,194,0,0,9,1,33,TJS,86,1
Kana,194,0,0,9,1,32,TJS,86,1
Kana,194,0,0,9,1,56,TJS,86,1
Kana,194,0,0,9,1,17,TJS,86,1
Kana,194,0,0,9,1,48,TJS,86,1
Kana,194,0,0,10,1,23,TJS,97,2
Kana,194,0,0,10,1,78,TJS,97,2
Kana,194,0,0,10,1,140,TJS,97,2
Kana,194,0,0,10,1,110,TJS,97,2
Kana,194,0,0,10,1,82,TJS,97,2
Kana,194,0,0,10,1,56,TJS,97,2
Kana,194,0,0,10,1,32,TJS,97,2
Kana,194,0,0,10,1,42,TJS,97,2
Kana,194,0,0,11,1,68,TJS,106,2
Kana,194,0,0,11,1,85,TJS,106,2
Kana,194,0,0,11,1,45,TJS,106,2
Kana,194,0,0,12,1,28,TJS,117,2
Kana,194,0,0,12,1,32,TJS,117,2
Kana,194,0,0,13,1,7,TJS,233,4
Kana,194,0,0,13,1,56,TJS,233,4
Kana,194,0,0,13,1,85,TJS,233,4
Kana,194,0,0,13,1,44,TJS,233,4
Kana,194,0,0,13,1,12,TJS,233,4
Kana,194,0,0,14,1,110,TJS,224,4
Kana,194,0,0,14,1,70,TJS,224,4
Kana,194,0,0,14,1,48,TJS,224,4
Kana,194,0,0,14,1,26,TJS,224,4
Kana,194,0,0,14,1,85,TJS,224,4
Kana,194,0,0,14,1,45,TJS,224,4
Kana,194,0,0,15,1,86,TJS,215,4
Kana,194,0,0,15,1,26,TJS,215,4
Kana,194,0,0,15,1,11,TJS,215,4
Kana,194,0,0,15,1,95,TJS,215,4
Kana,194,0,0,15,1,38,TJS,215,4
Kana,194,0,0,15,1,68,TJS,215,4
Kana,194,0,0,15,1,44,TJS,215,4
Kana,194,0,0,16,1,110,TJS,206,3
Kana,194,0,0,16,1,90,TJS,206,3
Kana,194,0,0,17,1,40,TJS,197,3
Kana,194,0,0,17,1,58,TJS,197,3
Kana,194,0,0,17,1,34,TJS,197,3
Kana,194,0,0,17,1,48,TJS,197,3
Kana,194,0,0,17,1,100,TJS,197,3
Kana,194,0,0,18,1,48,TJS,188,3
Kana,194,0,0,18,1,23,TJS,188,3
Kana,194,0,0,18,1,24,TJS,188,3
Kana,194,0,0,18,1,90,TJS,188,3
Kana,194,0,0,18,1,68,TJS,188,3
Kana,194,0,0,18,1,75,TJS,188,3
Kana,194,0,0,18,1,110,TJS,188,3
Kana,194,0,0,18,1,85,TJS,188,3
Kana,194,0,0,19,1,27,TJS,179,3
Kana,194,0,0,19,1,48,TJS,179,3
Kana,194,0,0,19,1,56,TJS,179,3
Kana,194,0,0,19,1,95,TJS,179,3
Kana,194,0,0,19,1,85,TJS,179,3
Kana,194,0,0,19,1,24,TJS,179,3
Kana,194,0,0,20,1,65,TJS,168,3
Kana,194,0,0,20,1,85,TJS,168,3
Kana,194,0,0,20,1,110,TJS,168,3
Kana,194,0,0,20,1,23,TJS,168,3
Kana,194,0,0,20,1,24,TJS,168,3
Kana,194,0,0,21,1,110,TJS,158,3
Kana,194,0,0,21,1,85,TJS,158,3
Kana,194,0,0,21,1,36,TJS,158,3
Kana,194,0,0,21,1,9,TJS,158,3
Kana,194,0,0,21,1,38,TJS,158,3
Kana,194,0,0,21,1,65,TJS,158,3
Kana,194,0,0,21,1,22,TJS,158,3
Kana,194,0,0,22,1,120,TJS,147,2
Kana,194,0,0,22,1,43,TJS,147,2
Kana,194,0,0,22,1,95,TJS,147,2
Kana,194,0,0,22,1,28,TJS,147,2
Kana,194,0,0,22,1,68,TJS,147,2
Kana,194,0,0,22,1,42,TJS,147,2
Kana,194,0,0,22,1,26,TJS,147,2
Kana,194,0,0,22,1,13,TJS,147,2
Kana,194,0,0,23,1,56,TJS,137,2
Kana,194,0,0,23,1,75,TJS,137,2
Kana,194,0,0,23,1,62,TJS,137,2
Kana,194,0,0,23,1,46,TJS,137,2
Kana,194,0,0,24,1,23,TJS,127,2
Kana,194,0,0,24,1,17,TJS,127,2
Kana,194,0,0,24,1,62,TJS,127,2
Kana,194,0,0,24,1,75,TJS,127,2
Kana,194,0,0,24,1,90,TJS,127,2
Kana,194,0,0,25,1,42,TJS,183,3
Kana,194,0,0,25,1,46,TJS,183,3
Kana,194,0,0,25,1,2,TJS,183,3
Kana,194,0,0,25,1,22,TJS,183,3
Kana,194,0,0,25,1,38,TJS,183,3
Kana,194,0,0,25,1,110,TJS,183,3
Kana,194,0,0,26,1,24,TJS,170,3
Kana,194,0,0,26,1,31,TJS,170,3
Kana,194,0,0,26,1,68,TJS,170,3
Kana,194,0,0,26,1,52,TJS,170,3
Kana,194,0,0,26,1,90,TJS,170,3
Kana,194,0,0,26,1,100,TJS,170,3
Kana,194,0,0,26,1,85,TJS,170,3
Kana,194,0,0,26,1,26,TJS,170,3
Kana,194,0,0,26,1,45,TJS,170,3
Kana,194,0,0,27,1,38,TJS,157,3
Kana,194,0,0,27,1,95,TJS,157,3
Kana,194,0,0,27,1,85,TJS,157,3
Kana,194,0,0,27,1,56,TJS,157,3
Kana,194,0,0,27,1,42,TJS,157,3
Kana,194,0,0,27,1,68,TJS,157,3
Kana,194,0,0,27,1,75,TJS,157,3
Kana,194,0,0,28,1,8,TJS,145,2
Kana,194,0,0,28,1,70,TJS,145,2
Kana,194,0,0,28,1,19,TJS,145,2
Kana,194,0,0,28,1,22,TJS,145,2
Kana,194,0,0,29,1,68,TJS,134,2
Kana,194,0,0,29,1,105,TJS,134,2
Kana,194,0,0,29,1,78,TJS,134,2
Kana,194,0,0,29,1,16,TJS,134,2
Kana,194,0,0,29,1,16,TJS,134,2
Kana,194,0,0,29,1,32,TJS,134,2
Kana,194,0,0,29,1,27,TJS,134,2
Kana,194,0,0,29,1,36,TJS,134,2
Kana,194,0,0,29,1,40,TJS,134,2
Kana,194,0,0,29,1,75,TJS,134,2
Kana,194,0,0,30,1,70,TJS,124,2
Kana,194,0,0,30,1,105,TJS,124,2
Kana,194,0,0,30,1,90,TJS,124,2
Kana,194,0,0,30,1,34,TJS,124,2
Kana,194,0,0,30,1,18,TJS,124,2
Kana,194,0,0,30,1,26,TJS,124,2
Kana,194,0,0,30,1,85,TJS,124,2
Kana,194,0,0,30,1,95,TJS,124,2
Kana,194,0,0,31,1,140,TJS,114,2
Kana,194,0,0,31,1,110,TJS,114,2
Kana,194,0,0,31,1,85,TJS,114,2
Kana,194,0,0,31,1,65,TJS,114,2
Kana,194,0,0,31,1,17,TJS,114,2
Kana,194,0,0,31,1,45,TJS,114,2
Kana,194,0,0,31,1,65,TJS,114,2
Kana,194,0,0,31,1,29,TJS,114,2
Kana,194,0,0,31,1,32,TJS,114,2
Kana,194,0,0,31,1,22,TJS,114,2
Kana,194,0,0,31,1,120,TJS,114,2
Kana,194,0,0,32,1,42,TJS,102,2
Kana,194,0,0,32,1,80,TJS,102,2
Kana,194,0,0,32,1,65,TJS,102,2
Kana,194,0,0,32,1,28,TJS,102,2
Kana,194,0,0,32,1,23,TJS,102,2
Kana,194,0,0,32,1,8,TJS,102,2
Kana,194,0,0,32,1,5,TJS,102,2
Kana,194,0,0,33,1,120,TJS,93,2
Kana,194,0,0,33,1,140,TJS,93,2
Kana,194,0,0,33,1,78,TJS,93,2
Kana,194,0,0,33,1,85,TJS,93,2
Kana,194,0,0,33,1,120,TJS,93,2
Kana,194,0,0,33,1,110,TJS,93,2
Kana,194,0,0,34,1,110,TJS,80,1
Kana,194,0,0,34,1,120,TJS,80,1
Kana,194,0,0,34,1,85,TJS,80,1
Kana,194,0,0,34,1,80,TJS,80,1
Kana,194,0,0,34,1,23,TJS,80,1
Kana,194,0,0,34,1,25,TJS,80,1
Kana,194,0,0,35,1,52,TJS,69,1
Kana,194,0,0,35,1,85,TJS,69,1
Kana,194,0,0,35,1,46,TJS,69,1
Kana,194,0,0,36,1,85,TJS,-1,0
Kana,194,0,0,36,1,68,TJS,-1,0
Kana,194,0,0,36,1,48,TJS,-1,0
Kana,194,0,0,36,1,78,TJS,-1,0
Kana,194,0,0,36,1,52,TJS,-1,0
Kana,194,0,0,36,1,8,TJS,-1,0
Kana,194,0,0,36,1,4,TJS,-1,0
Kana,194,0,0,37,1,60,TJS,14,0
Kana,194,0,0,37,1,85,TJS,14,0
Kana,194,0,0,37,1,32,TJS,14,0
Kana,194,0,0,37,1,28,TJS,14,0
Kana,194,0,0,37,1,16,TJS,14,0
Kana,194,0,0,37,1,40,TJS,14,0
Kana,194,0,0,37,1,140,TJS,14,0
Kana,194,0,0,37,1,23,TJS,14,0
Kana,194,0,0,37,1,110,TJS,14,0
Kana,194,0,0,37,1,42,TJS,14,0
Kana,194,0,0,37,1,19,TJS,14,0
Kana,194,0,0,37,1,28,TJS,14,0
Kana,194,0,0,38,1,95,TJS,24,0
Kana,194,0,0,38,1,140,TJS,24,0
Kana,194,0,0,38,1,48,TJS,24,0
Kana,194,0,0,38,1,36,TJS,24,0
Kana,194,0,0,38,1,85,TJS,24,0
Kana,194,0,0,38,1,140,TJS,24,0
Kana,194,0,0,38,1,95,TJS,24,0
Kana,194,0,0,39,1,85,TJS,35,1
Kana,194,0,0,39,1,105,TJS,35,1
Kana,194,0,0,39,1,105,TJS,35,1
Kana,194,0,0,39,1,65,TJS,35,1
Kana,194,0,0,39,1,48,TJS,35,1
Kana,194,0,0,39,1,65,TJS,35,1
Kana,194,0,0,39,1,85,TJS,35,1
Kana,194,0,0,39,1,75,TJS,35,1
Kana,194,0,0,40,1,48,TJS,45,1
Kana,194,0,0,40,1,85,TJS,45,1
Kana,194,0,0,40,1,95,TJS,45,1
Kana,194,0,0,40,1,19,TJS,45,1
Kana,194,0,0,40,1,120,TJS,45,1
Kana,194,0,0,40,1,55,TJS,45,1
Kana,194,0,0,40,1,15,TJS,45,1
Kana,194,0,0,40,1,75,TJS,45,1
Kana,194,0,0,40,1,36,TJS,45,1
Kana,194,0,0,40,1,120,TJS,45,1
Kana,194,0,0,41,1,90,TJS,55,1
Kana,194,0,0,41,1,50,TJS,55,1
Kana,194,0,0,41,1,38,TJS,55,1
Kana,194,0,0,41,1,48,TJS,55,1
Kana,494,0,0,1,1,24,TJS,63,1
Kana,494,0,0,1,1,45,TJS,63,1
Kana,494,0,0,1,1,28,TJS,63,1
Kana,494,0,0,1,1,45,TJS,63,1
Kana,494,0,0,1,1,70,TJS,63,1
Kana,494,0,0,1,1,50,TJS,63,1
Kana,494,0,0,1,1,40,TJS,63,1
Kana,494,0,0,2,1,80,TJS,73,1
Kana,494,0,0,2,1,75,TJS,73,1
Kana,494,0,0,2,1,35,TJS,73,1
Kana,494,0,0,2,1,90,TJS,73,1
Kana,494,0,0,2,1,65,TJS,73,1
Kana,494,0,0,3,1,75,TJS,83,1
Kana,494,0,0,3,1,80,TJS,83,1
Kana,494,0,0,3,1,60,TJS,83,1
Kana,494,0,0,3,1,80,TJS,83,1
Kana,494,0,0,3,1,10,TJS,83,1
Kana,494,0,0,4,1,70,TJS,94,2
Kana,494,0,0,4,1,55,TJS,94,2
Kana,494,0,0,4,1,110,TJS,94,2
Kana,494,0,0,4,1,45,TJS,94,2
Kana,494,0,0,4,1,90,TJS,94,2
Kana,494,0,0,4,1,18,TJS,94,2
Kana,494,0,0,5,1,85,TJS,104,2
Kana,494,0,0,5,1,26,TJS,104,2
Kana,494,0,0,5,1,90,TJS,104,2
Kana,494,0,0,5,1,110,TJS,104,2
Kana,494,0,0,5,1,75,TJS,104,2
Kana,494,0,0,5,1,80,TJS,104,2
Kana,494,0,0,5,1,55,TJS,104,2
Kana,494,0,0,6,1,11,TJS,114,2
Kana,494,0,0,6,1,55,TJS,114,2
Kana,494,0,0,6,1,60,TJS,114,2
Kana,494,0,0,6,1,70,TJS,114,2
Kana,494,0,0,6,1,45,TJS,114,2
Kana,494,0,0,6,1,90,TJS,114,2
Kana,494,0,0,6,1,26,TJS,114,2
Kana,494,0,0,7,1,39,TJS,123,2
Kana,494,0,0,7,1,38,TJS,123,2
Kana,494,0,0,7,1,22,TJS,123,2
Kana,494,0,0,7,1,28,TJS,123,2
Kana,494,0,0,7,1,10,TJS,123,2
Kana,494,0,0,7,1,55,TJS,123,2
Kana,494,0,0,7,1,65,TJS,123,2
Kana,494,0,0,8,1,44,TJS,133,2
Kana,494,0,0,8,1,70,TJS,133,2
Kana,494,0,0,8,1,65,TJS,133,2
Kana,494,0,0,8,1,29,TJS,133,2
Kana,494,0,0,8,1,36,TJS,133,2
Kana,494,0,0,8,1,75,TJS,133,2
Kana,494,0,0,8,1,54,TJS,133,2
Kana,494,0,0,9,1,38,TJS,143,2
Kana,494,0,0,9,1,80,TJS,143,2
Kana,494,0,0,9,1,65,TJS,143,2
Kana,494,0,0,9,1,26,TJS,143,2
Kana,494,0,0,9,1,70,TJS,143,2
Kana,494,0,0,10,1,47,TJS,153,3
Kana,494,0,0,10,1,48,TJS,153,3
Kana,494,0,0,10,1,50,TJS,153,3
Kana,494,0,0,10,1,28,TJS,153,3
Kana,494,0,0,10,1,18,TJS,153,3
Kana,494,0,0,10,1,27,TJS,153,3
Kana,494,0,0,11,1,12,TJS,163,3
Kana,494,0,0,11,1,12,TJS,163,3
Kana,494,0,0,11,1,80,TJS,163,3
Kana,494,0,0,11,1,46,TJS,163,3
Kana,494,0,0,11,1,60,TJS,163,3
Kana,494,0,0,11,1,60,TJS,163,3
Kana,494,0,0,11,1,28,TJS,163,3
Kana,494,0,0,11,1,50,TJS,163,3
Kana,494,0,0,11,1,45,TJS,163,3
Kana,494,0,0,12,1,40,TJS,173,3
Kana,494,0,0,12,1,48,TJS,173,3
Kana,494,0,0,12,1,28,TJS,173,3
Kana,494,0,0,12,1,32,TJS,173,3
Kana,494,0,0,13,1,40,TJS,307,5
Kana,494,0,0,13,1,70,TJS,307,5
Kana,494,0,0,13,1,12,TJS,307,5
Kana,494,0,0,13,1,60,TJS,307,5
Kana,494,0,0,13,1,36,TJS,307,5
Kana,494,0,0,13,1,42,TJS,307,5
Kana,494,0,0,14,1,45,TJS,299,5
Kana,494,0,0,14,1,33,TJS,299,5
Kana,494,0,0,14,1,32,TJS,299,5
Kana,494,0,0,14,1,25,TJS,299,5
Kana,494,0,0,14,1,60,TJS,299,5
Kana,494,0,0,15,1,28,TJS,287,5
Kana,494,0,0,15,1,19,TJS,287,5
Kana,494,0,0,15,1,32,TJS,287,5
Kana,494,0,0,15,1,45,TJS,287,5
Kana,494,0,0,15,1,50,TJS,287,5
Kana,494,0,0,15,1,70,TJS,287,5
Kana,494,0,0,16,1,45,TJS,277,5
Kana,494,0,0,16,1,12,TJS,277,5
Kana,494,0,0,16,1,32,TJS,277,5
Kana,494,0,0,16,1,25,TJS,277,5
Kana,494,0,0,17,1,46,TJS,267,4
Kana,494,0,0,17,1,50,TJS,267,4
Kana,494,0,0,17,1,19,TJS,267,4
Kana,494,0,0,17,1,36,TJS,267,4
Kana,494,0,0,17,1,12,TJS,267,4
Kana,494,0,0,17,1,35,TJS,267,4
Kana,494,0,0,18,1,35,TJS,252,4
Kana,494,0,0,18,1,45,TJS,252,4
Kana,494,0,0,18,1,19,TJS,252,4
Kana,494,0,0,18,1,65,TJS,252,4
Kana,494,0,0,18,1,20,TJS,252,4
Kana,494,0,0,18,1,35,TJS,252,4
Kana,494,0,0,19,1,42,TJS,242,4
Kana,494,0,0,19,1,27,TJS,242,4
Kana,494,0,0,19,1,19,TJS,242,4
Kana,494,0,0,19,1,44,TJS,242,4
Kana,494,0,0,19,1,35,TJS,242,4
Kana,494,0,0,19,1,26,TJS,242,4
Kana,494,0,0,20,1,3,TJS,232,4
Kana,494,0,0,20,1,12,TJS,232,4
Kana,494,0,0,20,1,42,TJS,232,4
Kana,494,0,0,20,1,60,TJS,232,4
Kana,494,0,0,20,1,45,TJS,232,4
Kana,494,0,0,20,1,19,TJS,232,4
Kana,494,0,0,21,1,20,TJS,222,4
Kana,494,0,0,21,1,26,TJS,222,4
Kana,494,0,0,21,1,42,TJS,222,4
Kana,494,0,0,21,1,40,TJS,222,4
Kana,494,0,0,21,1,32,TJS,222,4
Kana,494,0,0,21,1,12,TJS,222,4
Kana,494,0,0,21,1,28,TJS,222,4
Kana,494,0,0,21,1,9,TJS,222,4
Kana,494,0,0,22,1,55,TJS,212,4
Kana,494,0,0,22,1,50,TJS,212,4
Kana,494,0,0,22,1,36,TJS,212,4
Kana,494,0,0,22,1,52,TJS,212,4
Kana,494,0,0,22,1,16,TJS,212,4
Kana,494,0,0,22,1,17,TJS,212,4
Kana,494,0,0,23,1,65,TJS,202,3
Kana,494,0,0,23,1,35,TJS,202,3
Kana,494,0,0,23,1,45,TJS,202,3
Kana,494,0,0,23,1,26,TJS,202,3
Kana,494,0,0,23,1,34,TJS,202,3
Kana,494,0,0,23,1,60,TJS,202,3
Kana,494,0,0,23,1,28,TJS,202,3
Kana,494,0,0,24,1,25,TJS,193,3
Kana,494,0,0,24,1,19,TJS,193,3
Kana,494,0,0,24,1,8,TJS,193,3
Kana,494,0,0,24,1,42,TJS,193,3
Kana,494,0,0,24,1,45,TJS,193,3
Kana,494,0,0,24,1,55,TJS,193,3
Kana,494,0,0,24,1,38,TJS,193,3
Kana,495,0,0,1,1,72,TJS,19,0
Kana,495,0,0,1,1,89,TJS,19,0
Kana,495,0,0,1,1,16,TJS,19,0
Kana,495,0,0,1,1,95,TJS,19,0
Kana,495,0,0,1,1,63,TJS,19,0
Kana,495,0,0,1,1,70,TJS,19,0
Kana,495,0,0,1,1,11,TJS,19,0
Kana,495,0,0,1,1,32,TJS,19,0
Kana,495,0,0,1,1,86,TJS,19,0
Kana,495,0,0,2,1,75,TJS,30,0
Kana,495,0,0,2,1,105,TJS,30,0
Kana,495,0,0,2,1,95,TJS,30,0
Kana,495,0,0,2,1,46,TJS,30,0
Kana,495,0,0,2,1,51,TJS,30,0
Kana,495,0,0,2,1,95,TJS,30,0
Kana,495,0,0,2,1,87,TJS,30,0
Kana,495,0,0,3,1,94,TJS,44,1
Kana,495,0,0,3,1,86,TJS,44,1
Kana,495,0,0,3,1,73,TJS,44,1
Kana,495,0,0,3,1,27,TJS,44,1
Kana,495,0,0,3,1,110,TJS,44,1
Kana,495,0,0,3,1,64,TJS,44,1
Kana,495,0,0,3,1,97,TJS,44,1
Kana,495,0,0,3,1,56,TJS,44,1
Kana,495,0,0,4,1,26,TJS,55,1
Kana,495,0,0,4,1,48,TJS,55,1
Kana,495,0,0,4,1,29,TJS,55,1
Kana,495,0,0,4,1,95,TJS,55,1
Kana,495,0,0,4,1,39,TJS,55,1
Kana,495,0,0,4,1,75,TJS,55,1
Kana,495,0,0,4,1,38,TJS,55,1
Kana,495,0,0,4,1,110,TJS,55,1
Kana,495,0,0,5,1,92,TJS,64,1
Kana,495,0,0,5,1,95,TJS,64,1
Kana,495,0,0,5,1,24,TJS,64,1
Kana,495,0,0,5,1,56,TJS,64,1
Kana,495,0,0,5,1,105,TJS,64,1
Kana,495,0,0,5,1,96,TJS,64,1
Kana,495,0,0,5,1,46,TJS,64,1
Kana,495,0,0,6,1,84,TJS,77,1
Kana,495,0,0,6,1,65,TJS,77,1
Kana,495,0,0,6,1,74,TJS,77,1
Kana,495,0,0,6,1,39,TJS,77,1
Kana,495,0,0,6,1,22,TJS,77,1
Kana,495,0,0,6,1,16,TJS,77,1
Kana,495,0,0,6,1,21,TJS,77,1
Kana,495,0,0,6,1,78,TJS,77,1
Kana,495,0,0,6,1,86,TJS,77,1
Kana,495,0,0,6,1,56,TJS,77,1
Kana,495,0,0,6,1,18,TJS,77,1
Kana,495,0,0,6,1,26,TJS,77,1
Kana,495,0,0,7,1,19,TJS,89,1
Kana,495,0,0,7,1,27,TJS,89,1
Kana,495,0,0,7,1,41,TJS,89,1
Kana,495,0,0,7,1,48,TJS,89,1
Kana,495,0,0,7,1,96,TJS,89,1
Kana,495,0,0,7,1,87,TJS,89,1
Kana,495,0,0,7,1,52,TJS,89,1
Kana,495,0,0,7,1,17,TJS,89,1
Kana,495,0,0,7,1,82,TJS,89,1
Kana,495,0,0,7,1,11,TJS,89,1
Kana,495,0,0,8,1,24,TJS,101,2
Kana,495,0,0,8,1,58,TJS,101,2
Kana,495,0,0,8,1,48,TJS,101,2
Kana,495,0,0,8,1,65,TJS,101,2
Kana,495,0,0,8,1,19,TJS,101,2
Kana,495,0,0,8,1,48,TJS,101,2
Kana,495,0,0,8,1,27,TJS,101,2
Kana,495,0,0,8,1,32,TJS,101,2
Kana,495,0,0,8,1,67,TJS,101,2
Kana,495,0,0,8,1,88,TJS,101,2
Kana,495,0,0,9,1,89,TJS,112,2
Kana,495,0,0,9,1,46,TJS,112,2
Kana,495,0,0,9,1,75,TJS,112,2
Kana,495,0,0,9,1,39,TJS,112,2
Kana,495,0,0,9,1,68,TJS,112,2
Kana,495,0,0,9,1,74,TJS,112,2
Kana,495,0,0,10,1,16,TJS,123,2
Kana,495,0,0,10,1,22,TJS,123,2
Kana,495,0,0,10,1,69,TJS,123,2
Kana,495,0,0,10,1,29,TJS,123,2
Kana,495,0,0,10,1,28,TJS,123,2
Kana,495,0,0,10,1,32,TJS,123,2
Kana,495,0,0,10,1,39,TJS,123,2
Kana,495,0,0,10,1,46,TJS,123,2
Kana,495,0,0,10,1,78,TJS,123,2
Kana,495,0,0,11,1,32,TJS,134,2
Kana,495,0,0,11,1,48,TJS,134,2
Kana,495,0,0,11,1,70,TJS,134,2
Kana,495,0,0,11,1,21,TJS,134,2
Kana,495,0,0,11,1,56,TJS,134,2
Kana,495,0,0,11,1,54,TJS,134,2
Kana,495,0,0,11,1,69,TJS,134,2
Kana,495,0,0,12,1,39,TJS,145,2
Kana,495,0,0,12,1,36,TJS,145,2
Kana,495,0,0,12,1,29,TJS,145,2
Kana,495,0,0,12,1,49,TJS,145,2
Kana,495,0,0,12,1,16,TJS,145,2
Kana,495,0,0,12,1,60,TJS,145,2
Kana,495,0,0,12,1,48,TJS,145,2
Kana,495,0,0,13,1,39,TJS,292,5
Kana,495,0,0,13,1,52,TJS,292,5
Kana,495,0,0,13,1,69,TJS,292,5
Kana,495,0,0,13,1,48,TJS,292,5
Kana,495,0,0,13,1,90,TJS,292,5
Kana,495,0,0,13,1,52,TJS,292,5
Kana,495,0,0,13,1,6,TJS,292,5
Kana,495,0,0,13,1,19,TJS,292,5
Kana,495,0,0,13,1,62,TJS,292,5
Kana,495,0,0,13,1,73,TJS,292,5
Kana,495,0,0,14,1,19,TJS,282,5
Kana,495,0,0,14,1,64,TJS,282,5
Kana,495,0,0,14,1,21,TJS,282,5
Kana,495,0,0,14,1,31,TJS,282,5
Kana,495,0,0,14,1,68,TJS,282,5
Kana,495,0,0,14,1,85,TJS,282,5
Kana,495,0,0,14,1,27,TJS,282,5
Kana,495,0,0,14,1,76,TJS,282,5
Kana,495,0,0,15,1,95,TJS,269,4
Kana,495,0,0,15,1,21,TJS,269,4
Kana,495,0,0,15,1,48,TJS,269,4
Kana,495,0,0,15,1,52,TJS,269,4
Kana,495,0,0,15,1,65,TJS,269,4
Kana,495,0,0,15,1,19,TJS,269,4
Kana,495,0,0,15,1,41,TJS,269,4
Kana,495,0,0,15,1,39,TJS,269,4
Kana,495,0,0,15,1,23,TJS,269,4
Kana,495,0,0,16,1,85,TJS,254,4
Kana,495,0,0,16,1,48,TJS,254,4
Kana,495,0,0,16,1,51,TJS,254,4
Kana,495,0,0,16,1,100,TJS,254,4
Kana,495,0,0,16,1,26,TJS,254,4
Kana,495,0,0,16,1,64,TJS,254,4
Kana,495,0,0,17,1,21,TJS,242,4
Kana,495,0,0,17,1,35,TJS,242,4
Kana,495,0,0,17,1,75,TJS,242,4
Kana,495,0,0,17,1,41,TJS,242,4
Kana,495,0,0,17,1,61,TJS,242,4
Kana,495,0,0,17,1,65,TJS,242,4
Kana,495,0,0,17,1,81,TJS,242,4
Kana,495,0,0,17,1,52,TJS,242,4
Kana,495,0,0,17,1,32,TJS,242,4
Kana,495,0,0,17,1,2,TJS,242,4
Kana,495,0,0,18,1,46,TJS,231,4
Kana,495,0,0,18,1,52,TJS,231,4
Kana,495,0,0,18,1,12,TJS,231,4
Kana,495,0,0,18,1,29,TJS,231,4
Kana,495,0,0,18,1,32,TJS,231,4
Kana,495,0,0,18,1,17,TJS,231,4
Kana,495,0,0,18,1,59,TJS,231,4
Kana,495,0,0,18,1,75,TJS,231,4
Kana,495,0,0,19,1,9,TJS,215,4
Kana,495,0,0,19,1,42,TJS,215,4
Kana,495,0,0,19,1,38,TJS,215,4
Kana,495,0,0,19,1,65,TJS,215,4
Kana,495,0,0,19,1,21,TJS,215,4
Kana,495,0,0,19,1,18,TJS,215,4
Kana,495,0,0,20,1,42,TJS,203,3
Kana,495,0,0,20,1,17,TJS,203,3
Kana,495,0,0,20,1,8,TJS,203,3
Kana,495,0,0,20,1,14,TJS,203,3
Kana,495,0,0,20,1,56,TJS,203,3
Kana,495,0,0,20,1,17,TJS,203,3
Kana,495,0,0,20,1,65,TJS,203,3
Kana,495,0,0,20,1,90,TJS,203,3
Kana,495,0,0,20,1,75,TJS,203,3
Kana,495,0,0,20,1,48,TJS,203,3
Kana,495,0,0,20,1,72,TJS,203,3
Kana,495,0,0,20,1,29,TJS,203,3
Kana,495,0,0,20,1,21,TJS,203,3
Kana,495,0,0,21,1,19,TJS,191,3
Kana,495,0,0,21,1,16,TJS,191,3
Kana,495,0,0,21,1,23,TJS,191,3
Kana,495,0,0,21,1,36,TJS,191,3
Kana,495,0,0,21,1,11,TJS,191,3
Kana,495,0,0,21,1,17,TJS,191,3
Kana,495,0,0,21,1,29,TJS,191,3
Kana,495,0,0,21,1,65,TJS,191,3
Kana,495,0,0,21,1,49,TJS,191,3
Kana,495,0,0,21,1,72,TJS,191,3
Kana,495,0,0,21,1,56,TJS,191,3
Kana,495,0,0,21,1,41,TJS,191,3
Kana,495,0,0,22,1,65,TJS,179,3
Kana,495,0,0,22,1,23,TJS,179,3
Kana,495,0,0,22,1,19,TJS,179,3
Kana,495,0,0,22,1,33,TJS,179,3
Kana,495,0,0,22,1,22,TJS,179,3
Kana,495,0,0,22,1,39,TJS,179,3
Kana,495,0,0,22,1,68,TJS,179,3
Kana,495,0,0,23,1,42,TJS,167,3
Kana,495,0,0,23,1,68,TJS,167,3
Kana,495,0,0,23,1,51,TJS,167,3
Kana,495,0,0,23,1,71,TJS,167,3
Kana,495,0,0,23,1,37,TJS,167,3
Kana,495,0,0,23,1,42,TJS,167,3
Kana,495,0,0,24,1,78,TJS,157,3
Kana,495,0,0,24,1,52,TJS,157,3
Kana,495,0,0,24,1,56,TJS,157,3
Kana,495,0,0,24,1,60,TJS,157,3
Kana,495,0,0,24,1,75,TJS,157,3
Kana,495,0,0,24,1,84,TJS,157,3
Kana,495,0,0,24,1,17,TJS,157,3
Kana,495,0,0,25,1,25,SGF,207,3
Kana,495,0,0,25,1,42,SGF,207,3
Kana,495,0,0,25,1,74,SGF,207,3
Kana,495,0,0,26,1,45,SGF,198,3
Kana,495,0,0,26,1,55,SGF,198,3
Kana,495,0,0,26,1,110,SGF,198,3
Kana,495,0,0,26,1,17,SGF,198,3
Kana,495,0,0,27,1,90,SGF,181,3
Kana,495,0,0,27,1,7,SGF,181,3
Kana,495,0,0,28,1,39,SGF,167,3
Kana,495,0,0,29,1,18,SGF,155,3
Kana,495,0,0,29,1,61,SGF,155,3
Kana,495,0,0,29,1,14,SGF,155,3
Kana,495,0,0,29,1,10,SGF,155,3
Kana,495,0,0,30,1,86,SGF,142,2
Kana,495,0,0,30,1,48,SGF,142,2
Kana,495,0,0,30,1,90,SGF,142,2
Kana,495,0,0,30,1,34,SGF,142,2
Kana,495,0,0,31,1,32,SGF,131,2
Kana,495,0,0,31,1,44,SGF,131,2
Kana,495,0,0,31,1,21,SGF,131,2
Kana,495,0,0,31,1,70,SGF,131,2
Kana,495,0,0,32,1,11,SGF,121,2
Kana,495,0,0,32,1,62,SGF,121,2
Kana,495,0,0,32,1,71,SGF,121,2
Kana,495,0,0,32,1,9,SGF,121,2
Kana,495,0,0,32,1,33,SGF,121,2
Kana,495,0,0,33,1,36,SGF,111,2
Kana,495,0,0,33,1,16,SGF,111,2
Kana,495,0,0,33,1,12,SGF,111,2
Kana,495,0,0,33,1,39,SGF,111,2
Kana,495,0,0,34,1,86,SGF,99,2
Kana,495,0,0,36,1,38,SGF,15,0
Kana,495,0,0,36,1,70,SGF,15,0
Kana,495,0,0,37,1,52,SGF,25,0
Kana,495,0,0,37,1,80,SGF,25,0
Kana,495,0,0,37,1,75,SGF,25,0
Kana,495,0,0,37,1,120,SGF,25,0
Kana,495,0,0,38,1,75,SGF,36,1
Kana,495,0,0,38,1,39,SGF,36,1
Kana,495,0,0,38,1,26,SGF,36,1
Kana,495,0,0,39,1,12,SGF,48,1
Kana,495,0,0,40,1,55,SGF,61,1
Kana,495,0,0,40,1,68,SGF,61,1
Kana,495,0,0,40,1,82,SGF,61,1
Kana,495,0,0,40,1,110,SGF,61,1
Kana,495,0,0,41,1,88,SGF,74,1
Kana,495,0,0,41,1,38,SGF,74,1
